Query_ID	Target_ID	Optimal_offset	p-value	E-value	q-value	Overlap	Query_consensus	Target_consensus	Orientation
0016_6346_28.9925_4.3720	MA0068.1	8	3.9492e-06	0.00399264	0.0079619	19	CACAAAATCCCACCCCCAG	GAAAAATTTCCCATACTCCACTCCCCCCCC	+
0016_6346_28.9925_4.3720	MA0511.1	-3	7.51816e-05	0.0760086	0.0614738	15	CACAAAATCCCACCCCCAG	CAAACCACAAACCCC	-
0016_6346_28.9925_4.3720	MA0073.1	0	9.14752e-05	0.0924815	0.0614738	19	CACAAAATCCCACCCCCAG	CCCCAAACCACCCCCCCCCC	+
0016_6346_28.9925_4.3720	MA0039.4	-5	0.000170731	0.172609	0.0860517	12	CACAAAATCCCACCCCCAG	CGCCCCACCCCC	+
0016_6346_28.9925_4.3720	MA0516.2	-2	0.00038912	0.3934	0.156899	17	CACAAAATCCCACCCCCAG	CTAAGCCCCGCCCACTT	+
0016_6346_28.9925_4.3720	MA1107.1	-5	0.000982435	0.993242	0.330111	13	CACAAAATCCCACCCCCAG	GGCCACACCCACC	+
0016_6346_28.9925_4.3720	MA1656.1	-3	0.00143085	1.44659	0.357978	14	CACAAAATCCCACCCCCAG	CCAAGCCCAACCAG	+
0016_6346_28.9925_4.3720	MA1107.2	-4	0.00150232	1.51885	0.357978	15	CACAAAATCCCACCCCCAG	CAGCCACACCCACCCC	+
0016_6346_28.9925_4.3720	MA0056.2	-2	0.00176512	1.78453	0.357978	13	CACAAAATCCCACCCCCAG	CAAATCCCCACTT	+
0016_6346_28.9925_4.3720	MA0684.2	-3	0.00177561	1.79515	0.357978	12	CACAAAATCCCACCCCCAG	AAAACCTCAAAT	+
0016_6346_28.9925_4.3720	MA1515.1	-5	0.00259665	2.62521	0.475913	11	CACAAAATCCCACCCCCAG	CACCACGCCCA	+
0016_6346_28.9925_4.3720	MA1564.1	-6	0.00294981	2.98226	0.495589	12	CACAAAATCCCACCCCCAG	GCCACGCCCCCC	+

# Tomtom (Motif Comparison Tool): Version 5.1.0 compiled on Oct  9 2020 at 08:11:46
# The format of this file is described at http://meme-suite.org//doc/tomtom-output-format.html.
# tomtom -no-ssc -o result/x0016/x0016.out result/x0016/x0016.meme ../../JASPAR2020.txt
